<?xml version="1.0" encoding="UTF-8" standalone="yes"?>
<InitAdminUserTab>
    <Version>
        <![CDATA[1.0]]>
    </Version>
    <Item>
        <Name>
            <![CDATA[$Admin]]>
        </Name>
        <LastLoginSuccess>
            <![CDATA[2023-04-22 17:29:29, 10.3.1.15 (RiskShield Client)]]>
        </LastLoginSuccess>
        <LastLoginFailure>
            <![CDATA[2023-04-22 19:55:12, 10.3.1.15 (RiskShield Client)]]>
        </LastLoginFailure>
        <LastLogoutSuccess>
            <![CDATA[2023-04-22 17:43:24, 10.3.1.15 (RiskShield Client)]]>
        </LastLogoutSuccess>
    </Item>
</InitAdminUserTab>
