<?xml version="1.0" encoding="UTF-8"?>
<RoleTab>
  <Version>
    <![CDATA[2]]>
  </Version>
  <Item>
    <Active>
      <![CDATA[active]]>
    </Active>
    <ClientId>
      <![CDATA[0]]>
    </ClientId>
    <ClientMan>
      <![CDATA[View,Edit,Delete,Revisions]]>
    </ClientMan>
    <Configuration>
      <![CDATA[ServicesView,ServicesControl,ReloadLog4j,RestApiInfo,RssInfo,ServerConfigurationView]]>
    </Configuration>
    <Name>
      <![CDATA[Admin]]>
    </Name>
    <PmmlModels>
      <![CDATA[View,Download,Upload,Delete]]>
    </PmmlModels>
    <PrjMan>
      <![CDATA[View,Open,Upload,SetRfP,ConfirmOwnRfP,ConfirmPeerRfP,Decline,Archive,Delete,Simulate,IoChanges]]>
    </PrjMan>
    <Projects>
      <![CDATA[View,Reload]]>
    </Projects>
    <RoleMan>
      <![CDATA[View,Edit,Delete]]>
    </RoleMan>
    <SimCfg>
      <![CDATA[View,Edit,Delete]]>
    </SimCfg>
    <UserMan>
      <![CDATA[View,Edit,Delete]]>
    </UserMan>
    <Version>
      <![CDATA[1]]>
    </Version>
    <WebServer>
      <![CDATA[Login,SystemInfo,ThreadDump,Logging,Configuration,Cucs,ServicesView,ServicesControl,Performance,RuleSets]]>
    </WebServer>
  </Item>
</RoleTab>
