<?xml version="1.0" encoding="UTF-8"?>
<UserTab>
  <Version>
    <![CDATA[2]]>
  </Version>
  <Item>
    <Active>
      <![CDATA[active]]>
    </Active>
    <BlockedUntil>
      <![CDATA[]]>
    </BlockedUntil>
    <ChangePassword>
      <![CDATA[inactive]]>
    </ChangePassword>
    <ClientId>
      <![CDATA[0]]>
    </ClientId>
    <Comment>
      <![CDATA[]]>
    </Comment>
    <FailCounter>
      <![CDATA[0]]>
    </FailCounter>
    <LastLoginFailure>
      <![CDATA[]]>
    </LastLoginFailure>
    <LastLoginSuccess>
      <![CDATA[2023-04-22 20:32:28, 10.3.1.15 (RiskShield Client)]]>
    </LastLoginSuccess>
    <LastLogoutSuccess>
      <![CDATA[2023-04-22 20:34:25, 10.3.1.15 (RiskShield Client)]]>
    </LastLogoutSuccess>
    <Name>
      <![CDATA[Venkat]]>
    </Name>
    <Password>
      <![CDATA[01AB64AEA80AB3E7824EC22AFF71705BF777CB0B817004D96C2FE6F575B09BA936531FB865B9F59115C8FC1AB7808402B43C049C02FF50085F85B2E40545AD966B3FCBD345DD781D2B545DB50666F912CA5DA85B984C00AD2EBB5E85C34F5790B4]]>
    </Password>
    <PasswordExpiryDate>
      <![CDATA[]]>
    </PasswordExpiryDate>
    <PasswordHistory>
      <![CDATA[01F91DAF1650DEB78A82539EFFD49493007281B9077EFE08D384E493E7809C761B921359129E23BCCE45D61F1B8C7A73296E4602F14CAB8F74B3076E4F6E018BE8C1093A03C81EC23D878B22E5E41356EB81AF097BD77A44A47E13A45A92807966]]>
    </PasswordHistory>
    <Roles>
      <![CDATA[Admin]]>
    </Roles>
    <UserExpiryDate>
      <![CDATA[]]>
    </UserExpiryDate>
    <Username>
      <![CDATA[Venkat]]>
    </Username>
    <Version>
      <![CDATA[1]]>
    </Version>
  </Item>
  <Item>
    <Active>
      <![CDATA[active]]>
    </Active>
    <BlockedUntil>
      <![CDATA[]]>
    </BlockedUntil>
    <ChangePassword>
      <![CDATA[inactive]]>
    </ChangePassword>
    <ClientId>
      <![CDATA[0]]>
    </ClientId>
    <Comment>
      <![CDATA[]]>
    </Comment>
    <FailCounter>
      <![CDATA[0]]>
    </FailCounter>
    <LastLoginFailure>
      <![CDATA[]]>
    </LastLoginFailure>
    <LastLoginSuccess>
      <![CDATA[]]>
    </LastLoginSuccess>
    <LastLogoutSuccess>
      <![CDATA[]]>
    </LastLogoutSuccess>
    <Name>
      <![CDATA[Pragati]]>
    </Name>
    <Password>
      <![CDATA[0187B0C7B426B6DF5824566E257454FE1360959031A5C7761E21ECCEC8A9FA155A54EBA444993BBEDBC8E9B37521FB1F8DD61595FE1FD1B7CD2B2CCEA69431A249C333E2E863C6F869854F011799F38C081D40203B029DEC651EF3CD070DE059C1]]>
    </Password>
    <PasswordExpiryDate>
      <![CDATA[]]>
    </PasswordExpiryDate>
    <PasswordHistory>
      <![CDATA[0187B0C7B426B6DF5824566E257454FE1360959031A5C7761E21ECCEC8A9FA155A54EBA444993BBEDBC8E9B37521FB1F8DD61595FE1FD1B7CD2B2CCEA69431A249C333E2E863C6F869854F011799F38C081D40203B029DEC651EF3CD070DE059C1]]>
    </PasswordHistory>
    <Roles>
      <![CDATA[Admin]]>
    </Roles>
    <UserExpiryDate>
      <![CDATA[]]>
    </UserExpiryDate>
    <Username>
      <![CDATA[Pragati]]>
    </Username>
    <Version>
      <![CDATA[2]]>
    </Version>
  </Item>
  <Item>
    <Active>
      <![CDATA[active]]>
    </Active>
    <BlockedUntil>
      <![CDATA[]]>
    </BlockedUntil>
    <ChangePassword>
      <![CDATA[inactive]]>
    </ChangePassword>
    <ClientId>
      <![CDATA[0]]>
    </ClientId>
    <Comment>
      <![CDATA[]]>
    </Comment>
    <FailCounter>
      <![CDATA[0]]>
    </FailCounter>
    <LastLoginFailure>
      <![CDATA[]]>
    </LastLoginFailure>
    <LastLoginSuccess>
      <![CDATA[]]>
    </LastLoginSuccess>
    <LastLogoutSuccess>
      <![CDATA[]]>
    </LastLogoutSuccess>
    <Name>
      <![CDATA[Prakash]]>
    </Name>
    <Password>
      <![CDATA[01491AC2415FF4C6ECA70D83EDF6D93E4CA0F696FB3E780B980F7EEB1A0C7A4AD2D2561A896EB444A2F081D795A0B730645C032F7384C1AD478C26CC4A29EC2E285B3CAC57F8922E20BF0BC1FECA57D3869092AEB00D28549B92D89A1D1BEBC4B4]]>
    </Password>
    <PasswordExpiryDate>
      <![CDATA[]]>
    </PasswordExpiryDate>
    <PasswordHistory>
      <![CDATA[01491AC2415FF4C6ECA70D83EDF6D93E4CA0F696FB3E780B980F7EEB1A0C7A4AD2D2561A896EB444A2F081D795A0B730645C032F7384C1AD478C26CC4A29EC2E285B3CAC57F8922E20BF0BC1FECA57D3869092AEB00D28549B92D89A1D1BEBC4B4]]>
    </PasswordHistory>
    <Roles>
      <![CDATA[Admin]]>
    </Roles>
    <UserExpiryDate>
      <![CDATA[]]>
    </UserExpiryDate>
    <Username>
      <![CDATA[Prakash]]>
    </Username>
    <Version>
      <![CDATA[1]]>
    </Version>
  </Item>
  <Item>
    <Active>
      <![CDATA[active]]>
    </Active>
    <BlockedUntil>
      <![CDATA[]]>
    </BlockedUntil>
    <ChangePassword>
      <![CDATA[inactive]]>
    </ChangePassword>
    <ClientId>
      <![CDATA[0]]>
    </ClientId>
    <Comment>
      <![CDATA[]]>
    </Comment>
    <FailCounter>
      <![CDATA[0]]>
    </FailCounter>
    <LastLoginFailure>
      <![CDATA[]]>
    </LastLoginFailure>
    <LastLoginSuccess>
      <![CDATA[2023-04-22 20:32:28, 10.3.1.15 (RiskShield Client)]]>
    </LastLoginSuccess>
    <LastLogoutSuccess>
      <![CDATA[2023-04-22 20:34:25, 10.3.1.15 (RiskShield Client)]]>
    </LastLogoutSuccess>
    <Name>
      <![CDATA[Christopher]]>
    </Name>
    <Password>
      <![CDATA[01AD14C56A781DA5500CDCC86BE7E6573933D7D3B5552293622AE1DCA580E12D0A81A6F330969EB9441560C01A96A76F15E4CC7D182DCE5A6E1B8E8CAA5FC75490E8A2B8A832799ACE1BCB10A0F59CD40D6FC32DA9026F533A35DAC0FB6CB920A7]]>
    </Password>
    <PasswordExpiryDate>
      <![CDATA[]]>
    </PasswordExpiryDate>
    <PasswordHistory>
      <![CDATA[01F91DAF1650DEB78A82539EFFD49493007281B9077EFE08D384E493E7809C761B921359129E23BCCE45D61F1B8C7A73296E4602F14CAB8F74B3076E4F6E018BE8C1093A03C81EC23D878B22E5E41356EB81AF097BD77A44A47E13A45A92807966]]>
    </PasswordHistory>
    <Roles>
      <![CDATA[Admin]]>
    </Roles>
    <UserExpiryDate>
      <![CDATA[]]>
    </UserExpiryDate>
    <Username>
      <![CDATA[Christopher]]>
    </Username>
    <Version>
      <![CDATA[1]]>
    </Version>
  </Item>
  <Item>
    <Active>
      <![CDATA[active]]>
    </Active>
    <BlockedUntil>
      <![CDATA[]]>
    </BlockedUntil>
    <ChangePassword>
      <![CDATA[inactive]]>
    </ChangePassword>
    <ClientId>
      <![CDATA[0]]>
    </ClientId>
    <Comment>
      <![CDATA[]]>
    </Comment>
    <FailCounter>
      <![CDATA[0]]>
    </FailCounter>
    <LastLoginFailure>
      <![CDATA[]]>
    </LastLoginFailure>
    <LastLoginSuccess>
      <![CDATA[2023-04-22 20:32:28, 10.3.1.15 (RiskShield Client)]]>
    </LastLoginSuccess>
    <LastLogoutSuccess>
      <![CDATA[2023-04-22 20:34:25, 10.3.1.15 (RiskShield Client)]]>
    </LastLogoutSuccess>
    <Name>
      <![CDATA[Harshneel]]>
    </Name>
    <Password>
      <![CDATA[01FE4B8E13B49855FD37F8503D9CE72686EA6E61B969A952FB4EBBFC8A562636B7E09C0B427008259A26513245D2AF205573A740281250E990F6237079DBE75C2A18CA2EB665B06A14ED559F4815F2F1D03B33481AD1DDFEAA41B49E803CDCB18A]]>
    </Password>
    <PasswordExpiryDate>
      <![CDATA[]]>
    </PasswordExpiryDate>
    <PasswordHistory>
      <![CDATA[01F91DAF1650DEB78A82539EFFD49493007281B9077EFE08D384E493E7809C761B921359129E23BCCE45D61F1B8C7A73296E4602F14CAB8F74B3076E4F6E018BE8C1093A03C81EC23D878B22E5E41356EB81AF097BD77A44A47E13A45A92807966]]>
    </PasswordHistory>
    <Roles>
      <![CDATA[Admin]]>
    </Roles>
    <UserExpiryDate>
      <![CDATA[]]>
    </UserExpiryDate>
    <Username>
      <![CDATA[Harshneel]]>
    </Username>
    <Version>
      <![CDATA[1]]>
    </Version>
  </Item>
  <Item>
    <Active>
      <![CDATA[active]]>
    </Active>
    <BlockedUntil>
      <![CDATA[]]>
    </BlockedUntil>
    <ChangePassword>
      <![CDATA[inactive]]>
    </ChangePassword>
    <ClientId>
      <![CDATA[0]]>
    </ClientId>
    <Comment>
      <![CDATA[]]>
    </Comment>
    <FailCounter>
      <![CDATA[0]]>
    </FailCounter>
    <LastLoginFailure>
      <![CDATA[]]>
    </LastLoginFailure>
    <LastLoginSuccess>
      <![CDATA[2023-04-22 20:32:28, 10.3.1.15 (RiskShield Client)]]>
    </LastLoginSuccess>
    <LastLogoutSuccess>
      <![CDATA[2023-04-22 20:34:25, 10.3.1.15 (RiskShield Client)]]>
    </LastLogoutSuccess>
    <Name>
      <![CDATA[Baskaran]]>
    </Name>
    <Password>
      <![CDATA[0147C30F692AEA487F4B8C734A8E38913FE3521600AF34844C5780F54950CC9AB3F9E96F01EA8CF9C5C7019A2D442321F07AEDA06B071E1242EB9923CFEDF36E7704B23386DF79973A538C190C57F32E1CAD230DF2BB8F8A4FC2F1BD004C3263D0]]>
    </Password>
    <PasswordExpiryDate>
      <![CDATA[]]>
    </PasswordExpiryDate>
    <PasswordHistory>
      <![CDATA[01F91DAF1650DEB78A82539EFFD49493007281B9077EFE08D384E493E7809C761B921359129E23BCCE45D61F1B8C7A73296E4602F14CAB8F74B3076E4F6E018BE8C1093A03C81EC23D878B22E5E41356EB81AF097BD77A44A47E13A45A92807966]]>
    </PasswordHistory>
    <Roles>
      <![CDATA[Admin]]>
    </Roles>
    <UserExpiryDate>
      <![CDATA[]]>
    </UserExpiryDate>
    <Username>
      <![CDATA[Baskaran]]>
    </Username>
    <Version>
      <![CDATA[1]]>
    </Version>
  </Item>
  <Item>
    <Active>
      <![CDATA[active]]>
    </Active>
    <BlockedUntil>
      <![CDATA[]]>
    </BlockedUntil>
    <ChangePassword>
      <![CDATA[inactive]]>
    </ChangePassword>
    <ClientId>
      <![CDATA[0]]>
    </ClientId>
    <Comment>
      <![CDATA[]]>
    </Comment>
    <FailCounter>
      <![CDATA[0]]>
    </FailCounter>
    <LastLoginFailure>
      <![CDATA[]]>
    </LastLoginFailure>
    <LastLoginSuccess>
      <![CDATA[2023-04-22 20:32:28, 10.3.1.15 (RiskShield Client)]]>
    </LastLoginSuccess>
    <LastLogoutSuccess>
      <![CDATA[2023-04-22 20:34:25, 10.3.1.15 (RiskShield Client)]]>
    </LastLogoutSuccess>
    <Name>
      <![CDATA[Justus]]>
    </Name>
    <Password>
      <![CDATA[01CA98C422172ABBCF84C219598ED4921D57CF7D30BC8A71899720AD3A0D5DF3B8329612A6400252F35EDAAC440712EF76446F3C4AEACF341DDAE8013BEAFD394D53D389DD416AC4E81630B6431E84158C2B8A32A6C9B70EE9AD328DC8A5D155C3]]>
    </Password>
    <PasswordExpiryDate>
      <![CDATA[]]>
    </PasswordExpiryDate>
    <PasswordHistory>
      <![CDATA[01F91DAF1650DEB78A82539EFFD49493007281B9077EFE08D384E493E7809C761B921359129E23BCCE45D61F1B8C7A73296E4602F14CAB8F74B3076E4F6E018BE8C1093A03C81EC23D878B22E5E41356EB81AF097BD77A44A47E13A45A92807966]]>
    </PasswordHistory>
    <Roles>
      <![CDATA[Admin]]>
    </Roles>
    <UserExpiryDate>
      <![CDATA[]]>
    </UserExpiryDate>
    <Username>
      <![CDATA[Justus]]>
    </Username>
    <Version>
      <![CDATA[1]]>
    </Version>
  </Item>
  <Item>
    <Active>
      <![CDATA[active]]>
    </Active>
    <BlockedUntil>
      <![CDATA[]]>
    </BlockedUntil>
    <ChangePassword>
      <![CDATA[inactive]]>
    </ChangePassword>
    <ClientId>
      <![CDATA[0]]>
    </ClientId>
    <Comment>
      <![CDATA[]]>
    </Comment>
    <FailCounter>
      <![CDATA[0]]>
    </FailCounter>
    <LastLoginFailure>
      <![CDATA[]]>
    </LastLoginFailure>
    <LastLoginSuccess>
      <![CDATA[2023-04-22 20:32:28, 10.3.1.15 (RiskShield Client)]]>
    </LastLoginSuccess>
    <LastLogoutSuccess>
      <![CDATA[2023-04-22 20:34:25, 10.3.1.15 (RiskShield Client)]]>
    </LastLogoutSuccess>
    <Name>
      <![CDATA[Maarten]]>
    </Name>
    <Password>
      <![CDATA[01946B1AAFAF8DCD8C07DAF87B81FD9F7D514E068A8D0299207FB99ED947D4025F869505E75AB66A46B836DF7762EB97634DE22BE407A5D253234CD05AC445ACC3F272D06B46B379259370CCC6B589F3C7C600791BBEE802F559E6E66CE9E1742C]]>
    </Password>
    <PasswordExpiryDate>
      <![CDATA[]]>
    </PasswordExpiryDate>
    <PasswordHistory>
      <![CDATA[01F91DAF1650DEB78A82539EFFD49493007281B9077EFE08D384E493E7809C761B921359129E23BCCE45D61F1B8C7A73296E4602F14CAB8F74B3076E4F6E018BE8C1093A03C81EC23D878B22E5E41356EB81AF097BD77A44A47E13A45A92807966]]>
    </PasswordHistory>
    <Roles>
      <![CDATA[Admin]]>
    </Roles>
    <UserExpiryDate>
      <![CDATA[]]>
    </UserExpiryDate>
    <Username>
      <![CDATA[Maarten]]>
    </Username>
    <Version>
      <![CDATA[1]]>
    </Version>
  </Item>
  <Item>
    <Active>
      <![CDATA[active]]>
    </Active>
    <BlockedUntil>
      <![CDATA[]]>
    </BlockedUntil>
    <ChangePassword>
      <![CDATA[inactive]]>
    </ChangePassword>
    <ClientId>
      <![CDATA[0]]>
    </ClientId>
    <Comment>
      <![CDATA[]]>
    </Comment>
    <FailCounter>
      <![CDATA[0]]>
    </FailCounter>
    <LastLoginFailure>
      <![CDATA[]]>
    </LastLoginFailure>
    <LastLoginSuccess>
      <![CDATA[2023-04-22 20:32:28, 10.3.1.15 (RiskShield Client)]]>
    </LastLoginSuccess>
    <LastLogoutSuccess>
      <![CDATA[2023-04-22 20:34:25, 10.3.1.15 (RiskShield Client)]]>
    </LastLogoutSuccess>
    <Name>
      <![CDATA[Vincent]]>
    </Name>
    <Password>
      <![CDATA[014BADBB9E5760BB236D0D07F6CA1D9A6F7A5EA1781423390E9FDDC8DE82D28584961E5A1E409E696DB50FC2FA9A78C79DF1F1FC7319F90B2EA276C3D3D00651BE2FA693B87591332CB4E58BDD485B4A14B7F1DC9BE1FABAB81C53CD76975DDFAD]]>
    </Password>
    <PasswordExpiryDate>
      <![CDATA[]]>
    </PasswordExpiryDate>
    <PasswordHistory>
      <![CDATA[01F91DAF1650DEB78A82539EFFD49493007281B9077EFE08D384E493E7809C761B921359129E23BCCE45D61F1B8C7A73296E4602F14CAB8F74B3076E4F6E018BE8C1093A03C81EC23D878B22E5E41356EB81AF097BD77A44A47E13A45A92807966]]>
    </PasswordHistory>
    <Roles>
      <![CDATA[Admin]]>
    </Roles>
    <UserExpiryDate>
      <![CDATA[]]>
    </UserExpiryDate>
    <Username>
      <![CDATA[Vincent]]>
    </Username>
    <Version>
      <![CDATA[1]]>
    </Version>
  </Item>
  <Item>
    <Active>
      <![CDATA[active]]>
    </Active>
    <BlockedUntil>
      <![CDATA[]]>
    </BlockedUntil>
    <ChangePassword>
      <![CDATA[inactive]]>
    </ChangePassword>
    <ClientId>
      <![CDATA[0]]>
    </ClientId>
    <Comment>
      <![CDATA[]]>
    </Comment>
    <FailCounter>
      <![CDATA[0]]>
    </FailCounter>
    <LastLoginFailure>
      <![CDATA[]]>
    </LastLoginFailure>
    <LastLoginSuccess>
      <![CDATA[2023-04-22 20:32:28, 10.3.1.15 (RiskShield Client)]]>
    </LastLoginSuccess>
    <LastLogoutSuccess>
      <![CDATA[2023-04-22 20:34:25, 10.3.1.15 (RiskShield Client)]]>
    </LastLogoutSuccess>
    <Name>
      <![CDATA[Matias]]>
    </Name>
    <Password>
      <![CDATA[01B4197E05F303BE623A88EB16FEAB9A4DEC6D4AD93B8A25E8BD49355DB61D65410B7594E0435D085AA18569CCE580F386CCA8C793229CA22428EF09EA16D99A87B33B6E5C82BAA23AB7F5933EB409C1BD10DDF7A4A57A4BD3A4FDE98962D89890]]>
    </Password>
    <PasswordExpiryDate>
      <![CDATA[]]>
    </PasswordExpiryDate>
    <PasswordHistory>
      <![CDATA[01F91DAF1650DEB78A82539EFFD49493007281B9077EFE08D384E493E7809C761B921359129E23BCCE45D61F1B8C7A73296E4602F14CAB8F74B3076E4F6E018BE8C1093A03C81EC23D878B22E5E41356EB81AF097BD77A44A47E13A45A92807966]]>
    </PasswordHistory>
    <Roles>
      <![CDATA[Admin]]>
    </Roles>
    <UserExpiryDate>
      <![CDATA[]]>
    </UserExpiryDate>
    <Username>
      <![CDATA[Matias]]>
    </Username>
    <Version>
      <![CDATA[1]]>
    </Version>
  </Item>
</UserTab>
